Model,R2,RMSE,MAE
MLR,0.7087631470474248,4.618304709869625,3.8264255984534103
Random Forest,0.6190372340251904,5.282027824039904,4.336253649521603
XGBoost,0.5797855452250694,5.54746936626149,4.298515904827846
